all,dev,istqb,ieee,istqb_dev,ieee_dev,mocks_imports,use_mock,without_mock_istqb,without_mock_ieee,mock_cutoff_istqb,mock_cutoff_ieee,revision_hash
0,0,0,0,0,0,0,0,0,0,0,0,18dca831105ee96c1786bd6f62ea4fb3075a9fbf
0,0,0,0,0,0,0,0,0,0,0,0,0f2b2c1801fb1f9ab00fa52803aa67bceb511205
0,0,0,0,0,0,0,0,0,0,0,0,8d1d3dcdc2efee633d3f9761369f8de7fca8580d
0,0,0,0,0,0,0,0,0,0,0,0,f33e563ef432e8efecc52f9d7fbae4f4a1771ad5
0,0,0,0,0,0,0,0,0,0,0,0,a2b93af83fbc8f9ab5e58d1302fbf351e02d7e75
0,0,0,0,0,0,0,0,0,0,0,0,b321c55c5773bdfbb59a4068c585d03950c1601f
0,0,0,0,0,0,0,0,0,0,0,0,6a031f3f9ad4b0fd30f703e7e92956446994d2cc
0,0,0,0,0,0,0,0,0,0,0,0,1a8f60c0acdfb888d3452cfca22a71f20776c760
0,0,0,0,0,0,0,0,0,0,0,0,42672a09fc24a07a2e1e8ef01629ab55920bae80
0,0,0,0,0,0,0,0,0,0,0,0,4b0ece06131e266689eb0766b1936704be15598f
0,0,0,0,0,0,0,0,0,0,0,0,c89c4acea15c471808a7ac136a38a1818e79c662
0,0,0,0,0,0,0,0,0,0,0,0,bda4f43a23406a09cd94892171863252bffcaa22
0,0,0,0,0,0,0,0,0,0,0,0,73eb0298b17b16dfef3531f88ef7bd36996b3b1a
0,0,0,0,0,0,0,0,0,0,0,0,547cebc5ed271fafc5930a192bb5d03247b8c0cc
0,0,0,0,0,0,0,0,0,0,0,0,5dbe540e3ef559578ca2c0d463dda78dd8d55b59
0,0,0,0,0,0,0,0,0,0,0,0,3519b04aea6f477ca6450dbbac5ee1a4882a67cb
0,0,0,0,0,0,0,0,0,0,0,0,f75bc345f2f1037f61341c7c700f44d27f53e033
0,0,0,0,0,0,0,0,0,0,0,0,ba300824a37e5aac7e06ddee0a74fd3ad7735a85
0,0,0,0,0,0,0,0,0,0,0,0,3747ee6ea7289ba79b49571b4e4f214356478222
0,0,0,0,0,0,0,0,0,0,0,0,97f42fee0923082ddf093a2a905fccf608351c12
0,0,0,0,0,0,0,0,0,0,0,0,47216556f8b860569138df49f92580674cc958a9
0,0,0,0,0,0,0,0,0,0,0,0,4d37d295babed751cac609510a24c45aaebf7683
0,0,0,0,0,0,0,0,0,0,0,0,180fe9eeae58f5806047a2a1e219c7d2b12a8a5a
0,0,0,0,0,0,0,0,0,0,0,0,1dcc20b2887c63ebfa4352afce65394640a1d8f6
0,0,0,0,0,0,0,0,0,0,0,0,612bd86c8766d2e147190a4c7f97f098b0ef4117
0,0,0,0,0,0,0,0,0,0,0,0,b4426e3e11d7f623f2c7ca8261bc19fad0fe3cda
0,0,0,0,0,0,0,0,0,0,0,0,33901eb4817d811ee7196fcd3c2b245cb2de9d59
0,0,0,0,0,0,0,0,0,0,0,0,2496b1bfe1617f71d2677d20e8bc6087fc4f6fbf
0,0,0,0,0,0,0,0,0,0,0,0,624034a582a82c6f05d6d990fa9157c2eb40b4cc
0,0,0,0,0,0,0,0,0,0,0,0,e869f1923ddf7fedd5419acc1dbb37d162b819fb
0,0,0,0,0,0,0,0,0,0,0,0,9a939dad812b3c37c63720e16b971dfd56a338b6
0,0,0,0,0,0,0,0,0,0,0,0,93318b97af04c9461363b9d75e4e5b27288ee10b
0,0,0,0,0,0,0,0,0,0,0,0,a15e363718ab41c5e02b9eaa919fb689cd266af6
0,0,0,0,0,0,0,0,0,0,0,0,48bf3829cb74afec02d12e787dc69c813b2ae431
0,0,0,0,0,0,0,0,0,0,0,0,6410cdab35da32154c4462e9e36d28bea5f726e5
0,0,0,0,0,0,0,0,0,0,0,0,aadce4d8b76f52bbd3494473266a6a0cfeacb099
0,0,0,0,0,0,0,0,0,0,0,0,6692f52a8c6b09c444d864de56c7892a1dc640cd
0,0,0,0,0,0,0,0,0,0,0,0,95e428cc4186ad1fe3c082bd9989697c63cf9217
0,0,0,0,0,0,0,0,0,0,0,0,9265197a62cb73d0ed3816c9978e22cac3c2e769
0,0,0,0,0,0,0,0,0,0,0,0,b0adf035279910c631ab1cd849f77076df6b5f2e
0,0,0,0,0,0,0,0,0,0,0,0,189b09aba5864787cc4a3749bb3df8e82b748097
0,0,0,0,0,0,0,0,0,0,0,0,043fad9142b87f046a6a313be405645c3e19c569
0,0,0,0,0,0,0,0,0,0,0,0,80bec5ea22b12ffacbe8568eedc886921a97a65a
0,0,0,0,0,0,0,0,0,0,0,0,fd8d772d09f32928795ee6f42b251fad26efea7d
0,0,0,0,0,0,0,0,0,0,0,0,f95d5154d66594eb7e413fc5226bc0b1558e73f5
0,0,0,0,0,0,0,0,0,0,0,0,971164f05dcd84ce6eec81137df5fa441bb8c4ff
0,0,0,0,0,0,0,0,0,0,0,0,9bdf0e0b2bbe5fefb278ed2c53f83af1d3b33b5c
0,0,0,0,0,0,0,0,0,0,0,0,1ff5518fcb6bddc39986dff3faeaf63a15ac7a25
0,0,0,0,0,0,0,0,0,0,0,0,f9351c234f5423775c6f5e89d7fe8818bf87b960
0,0,0,0,0,0,0,0,0,0,0,0,7b882ffcfc6c9c91497ccaca92934588fd474896
0,0,0,0,0,0,0,0,0,0,0,0,c418d4d5dea4d99624ac072f29a0484a907ee8c2
0,0,0,0,0,0,0,0,0,0,0,0,b320dca3ea52205c568c4ccff2c7b5a12ca86ab6
0,0,0,0,0,0,0,0,0,0,0,0,5aa9cf78ec1fa601eebde9966e196e45737452ae
0,0,0,0,0,0,0,0,0,0,0,0,f6e7e754a9a09c0773eec904d1a0e66d98ea2404
0,0,0,0,0,0,0,0,0,0,0,0,9436bb7bf40001909b4fe8205bdff4fefa49bfc3
0,0,0,0,0,0,0,0,0,0,0,0,d6a3fe5ed3010fd135086f6062cb43cdd5771197
0,0,0,0,0,0,0,0,0,0,0,0,9f40c32c4655fc7f2c9725aff09cd57d17dd6ed9
0,0,0,0,0,0,0,0,0,0,0,0,45a11a203f8148cea1a601b166468e8772d02c44
0,0,0,0,0,0,0,0,0,0,0,0,112f32c7c4a2cd5c1636dbaa8c1c145b352738af
0,0,0,0,0,0,0,0,0,0,0,0,7171d1d03c16003da48720f2caddaa26058d8832
0,0,0,0,0,0,0,0,0,0,0,0,3a9e000662d874e92d91a70f16e5b5018ff8bdb4
0,0,0,0,0,0,0,0,0,0,0,0,36fd095dc04ee59bba7b9b5b3b1498b7d54729ac
0,0,0,0,0,0,0,0,0,0,0,0,d214c75d1178613463047af008a35a882312fb92
0,0,0,0,0,0,0,0,0,0,0,0,1a1c67947f40b8d74defd775af7ba84d7cf403d5
0,0,0,0,0,0,0,0,0,0,0,0,7d155f3c5f73c2fd0461246e1792f21815f79e41
0,0,0,0,0,0,0,0,0,0,0,0,a75fcf0dbd28082a2ad06d23cdeeed9c14c44ff6
0,0,0,0,0,0,0,0,0,0,0,0,39940bf1be94671167e2c6cfbca5c95dc2465345
0,0,0,0,0,0,0,0,0,0,0,0,0bca681d8c357ac3315583cb7cbd1724fd1da3bc
0,0,0,0,0,0,0,0,0,0,0,0,eab25c52268800138d7132610fc7be9d00a14d2d
0,0,0,0,0,0,0,0,0,0,0,0,3d07590078c852ac19a1374ec5248d0eeba3d729
0,0,0,0,0,0,0,0,0,0,0,0,3e6ec9271bbee7c3c38937a9783740d76f0e43f9
0,0,0,0,0,0,0,0,0,0,0,0,b489c827311c2f440022fe77902591651706daea
0,0,0,0,0,0,0,0,0,0,0,0,60dfd2e4d3d5c3d68b317a7f9059f17f12a18883
0,0,0,0,0,0,0,0,0,0,0,0,06bf2265f33a69e46bfe116b08a3147e306b60a6
0,0,0,0,0,0,0,0,0,0,0,0,451505b31ca1e0d1723f18cd5a884300ce6c011e
0,0,0,0,0,0,0,0,0,0,0,0,f63c1ca13277595d07ffd4f722428bdbf28aaa88
0,0,0,0,0,0,0,0,0,0,0,0,5ef2a8c2ac8ad66eaedf787ac9c617a62f2b43fa
0,0,0,0,0,0,0,0,0,0,0,0,ebccbd5a784616049bc23d2623693c309401f556
0,0,0,0,0,0,0,0,0,0,0,0,c44e04ca53ff542eadcabc2ca9364bbcdaccae7a
0,0,0,0,0,0,0,0,0,0,0,0,6000c9e718a7d075833bf88e7c0960141f27834b
0,0,0,0,0,0,0,0,0,0,0,0,218b1d63edf00d79acb94a7e6001da49da0197ae
0,0,0,0,0,0,0,0,0,0,0,0,68adfa798233b186e0234b45f006135ffc613488
0,0,0,0,0,0,0,0,0,0,0,0,3d478017dc8ee13537642497a054b71a279f726e
0,0,0,0,0,0,0,0,0,0,0,0,46c7e0ebbd9f16e768621ee2d43949683109bc58
0,0,0,0,0,0,0,0,0,0,0,0,c3e013d86c8b064a3b59ba9c74d403e2f3cfa04e
0,0,0,0,0,0,0,0,0,0,0,0,856f7cea7581f01bcbe54a09d405728200f3b83a
0,0,0,0,0,0,0,0,0,0,0,0,0e2ec058bb649969031dee8321da3249b509ddeb
0,0,0,0,0,0,0,0,0,0,0,0,d94e98a76a0b07a5cca82d583293d45b1dabb7a2
0,0,0,0,0,0,0,0,0,0,0,0,0b12bf95a1dc318cdf44809bfaac2655c8eefdce
0,0,0,0,0,0,0,0,0,0,0,0,4a5627be15e657b493af51bb4759c69dc6131b8e
0,0,0,0,0,0,0,0,0,0,0,0,4d0dfb010fb8d7413d9df40e56eb0719affd6b8c
0,0,0,0,0,0,0,0,0,0,0,0,460c1ec73db1fe74f38a792413392a89fd590b82
0,0,0,0,0,0,0,0,0,0,0,0,695eb543fea56e6a0ca1000c9b6607f9ae624b17
0,0,0,0,0,0,0,0,0,0,0,0,a1da37b770235ae9154d82bef007de52aacb3a9a
0,0,0,0,0,0,0,0,0,0,0,0,4b653433b9e332d4301933e793ef3653c5073569
0,0,0,0,0,0,0,0,0,0,0,0,9cfd3cea5cac1074b3f0d78ba8cd42acd33b780a
0,0,0,0,0,0,0,0,0,0,0,0,8002da6c8f1508f6774c5cb74281d42ce8571306
0,0,0,0,0,0,0,0,0,0,0,0,d35a3f914006f7e4c492e51c88a8fddd0727db58
0,0,0,0,0,0,0,0,0,0,0,0,aefdd15ce1ced8bd9d127df546aa41e80c31678a
0,0,0,0,0,0,0,0,0,0,0,0,cf9ab406e37c63be82e7149ea12cd55914ae289a
1,1,0,0,0,0,0,0,0,0,0,0,7acfdc5d506cc5639e9657e1ab90ba91a1eaddf9
2,1,0,0,0,0,0,0,0,0,0,0,363c5103dcec62b7939dd347aebfb44369f83759
2,1,0,0,0,0,0,0,0,0,0,0,698310b8c41d5a19a0002312b2bd111a627422a8
3,2,1,1,1,1,0,0,0,0,0,0,f65eb2c5e3b07775285c231e5c211ef6739ac51a
3,2,1,1,1,1,0,0,0,0,0,0,90aef5625482e60114226be136050049de311b99
3,2,1,1,1,1,0,0,0,0,0,0,a121281532dc3c9da6534684da0eae0ab57b000b
3,2,1,1,1,1,0,0,0,0,0,0,5cd6945c08d43c0a69f04dcb137cccae89bb7661
3,2,1,1,1,1,0,0,0,0,0,0,e9fe15d18b9bd894bf7c7dac0fd0c754bbe2b260
3,2,1,1,1,1,0,0,0,0,0,0,19d99f6040d1474feee0f2fb0bda7cb14fbf407c
3,2,3,3,2,2,0,0,0,0,0,0,84b1f81eac3d0c7c55f4d9aa3096d6bd7a79e201
3,2,3,3,2,2,0,0,0,0,0,0,113f6f52835b9184853d8b4de966186fbdd92ef9
3,2,3,3,2,2,0,0,0,0,0,0,8f889df621143ea172d753715471880c7ae3883b
3,2,3,3,2,2,0,0,0,0,0,0,83a2a04ec5b416e68588142ececb055d646a5449
3,2,3,3,2,2,0,0,0,0,0,0,349a1a5e052176c786fdd72a39bde0eeaa41f596
4,2,3,3,2,2,0,0,0,0,0,0,18b372b285d88a8a18228c00f43662924abeabf9
4,2,3,3,2,2,0,0,0,0,0,0,61cfa59b7881f8658a8eab13ba4bc50ac17ba6ce
4,2,3,3,2,2,0,0,0,0,0,0,ea7afc56fc919ea726dfd186b4546c5e724b5da6
4,2,3,3,2,2,0,0,0,0,0,0,b71b477d95a48bbfbebf9201d2d691fcc4f23a55
4,2,3,3,2,2,0,0,0,0,0,0,dda10cc19f9285e4e09128a5fac6a6f0fed0c58a
5,3,3,4,2,3,0,0,0,0,0,0,4f536a26e035ae6ffd57c46615c94e3bfef3d0b6
5,3,2,3,2,3,0,0,0,0,0,0,4564fc8dc6c8bed1611bff1b3dcda5d6f4d8ed5b
17,11,6,9,4,6,0,0,0,0,0,0,98dfa5be4422b673bc4f86b6bd6dc560ddc0c848
17,11,6,9,4,6,0,0,0,0,0,0,ab2530764e2435401b203ddad099853800e71c54
16,10,4,8,2,5,0,0,0,0,0,0,fc595ba57ffee55bd46cbf4999063b2b23c167ae
17,11,4,9,2,6,0,0,0,0,0,0,fbd1f83918e0a54e7231e54c5bf31eccf0617226
17,11,4,9,2,6,0,0,0,0,0,0,b1731e2069433a317e2f7ae629f126c56e2d4508
17,11,4,9,2,6,0,0,0,0,0,0,76893d4fbfcb674ccdfec36342a4162c40790ff4
17,11,5,9,3,6,0,0,0,0,0,0,7c1583b16ec5f2fcc90c82bda877d61d0be20b24
7,3,4,5,2,3,0,0,0,0,0,0,e7b2cd01fee5c2ed56bc0054a06b8d7cc5bfa7fb
5,3,2,3,2,3,0,0,0,0,0,0,711f94cf09d2231f53a0a82dc8cc14656726ea84
17,11,4,9,2,6,0,0,0,0,0,0,9952756a1883c7799ea4821aca6e14be441a8b57
17,11,6,9,4,6,0,0,0,0,0,0,cd295605c74b31c23f5199f027e993f665173fb4
17,11,4,9,2,6,0,0,0,0,0,0,d9836b358352ecfbe658ad135acc6f3a9896b03d
16,10,6,8,4,5,0,0,0,0,0,0,20a6a00896d6cc98dd5d7896c5240851025854a7
17,11,6,9,4,6,0,0,0,0,0,0,46ab40fd8069868ba82e8ce47abe21f08963d486
17,11,6,9,4,6,0,0,0,0,0,0,97ec7a66b73aa9b31536f166b86bb2d2d2ce79f4
17,11,4,9,2,6,0,0,0,0,0,0,ac4c8a277ba83ed1a4867c546084f3f0e5901747
17,11,6,9,4,6,0,0,0,0,0,0,5d9ac40273f9dae541ffa20b8767ae289b743b95
17,11,6,9,4,6,0,0,0,0,0,0,98f641fd3bcc49d790dbe9094b38dca04755f129
17,11,4,9,2,6,0,0,0,0,0,0,da8682748c458df8151fda2e60325a77a8eaee53
17,11,4,9,2,6,0,0,0,0,0,0,490e0b07a3bba3ef9194143a0b6f19e61b1506c9
4,2,3,3,2,2,0,0,0,0,0,0,1df470504bec1466400908a64a657cc9989e187e
17,11,4,9,2,6,0,0,0,0,0,0,710c652231e453f8e5368af86bbdaf0704735d76
17,11,4,9,2,6,0,0,0,0,0,0,e09c59369f0aac28b78ad599870c15e0711cdfe4
5,3,2,3,2,3,0,0,0,0,0,0,bd6b9d002e6a8cdde9b5078294cedd8a9f5e935a
17,11,6,9,4,6,0,0,0,0,0,0,0d6ff9b42195b9c556428c8ef40415aeef6a9bad
17,11,4,9,2,6,0,0,0,0,0,0,9f0e657c7cdcef45ebc7d121167834245955b34d
17,11,4,9,2,6,0,0,0,0,0,0,b1ea040b32b29ba136623983276f37df8ee9bca5
17,11,4,9,2,6,0,0,0,0,0,0,180e3081c37e88d911e37a21c758cd6a71585d96
17,11,4,9,2,6,0,0,0,0,0,0,c61850de298a1f40dd84d95d758d3c3faed38160
17,11,4,9,2,6,0,0,0,0,0,0,61ffd4e0bf1e39a12cd70b2658b02f3f673e6c8d
17,11,4,9,2,6,0,0,0,0,0,0,daa445e24eb93d511af46dc27acf45603c7f4775
17,11,4,9,2,6,0,0,0,0,0,0,bde28d93e4021d3d0a99b5b055a315e72519463a
17,11,4,9,2,6,0,0,0,0,0,0,474cdb8b5b34d2d1d37349bb341e0fc82e52ff69
17,11,4,9,2,6,0,0,0,0,0,0,dce345b5884e8a4e11ff51768b7a6481a4fc8b7c
18,12,4,9,2,6,0,0,0,0,0,0,5babccca12e1cbef655957b038594eadb1fe63bc
18,12,4,9,2,6,0,0,0,0,0,0,6a58f0d52901677ae3930203013ac19d612e1d39
18,12,4,9,2,6,0,0,0,0,0,0,b580aad76f6a485a8e616ef2f4a3037d3901b76a
19,12,4,9,2,6,0,0,0,0,0,0,b1ef133904540b7f49e22ac52a0f844963be829e
20,12,4,9,2,6,0,0,0,0,0,0,ab3c287c1dce1cf44ca5af369d077b2e5b292724
20,12,4,9,2,6,0,0,0,0,0,0,7b01c8f499db9833dcffa2f6fcc659db75855f9b
20,12,4,9,2,6,0,0,0,0,0,0,1eb085705efa2455bfc3d8cfea6a776ca79a2cae
20,12,4,9,2,6,0,0,0,0,0,0,84c5ceed5ff58547c89462daf496b253649ece16
20,12,4,9,2,6,0,0,0,0,0,0,8ef2c798bf95d2b2cb9ec54eae419ab6d685ac6f
20,12,4,9,2,6,0,0,0,0,0,0,0f5125581394a64ce762215879ffc08cef4f6261
20,12,4,9,2,6,0,0,0,0,0,0,2aa873edebfc103245e21ca5885d1a5acf07beb0
20,12,4,9,2,6,0,0,0,0,0,0,7a055e12b809110cdb07a642d12e11d909be1376
20,12,4,9,2,6,0,0,0,0,0,0,8a140d8b6215573b233cb7a55fd8e68a98c1b9ef
22,13,5,11,2,7,0,0,0,0,0,0,2d0eb613d0d970975861ca13b0d4ce1bf526f0cf
22,13,5,11,2,7,0,0,0,0,0,0,9ba06f1dbb4d77c66f1c413f56c4ddca5d4b30be
22,13,5,11,2,7,0,0,0,0,0,0,656c8af8b9dd87d562544786fa1491258f94c7cb
22,13,5,11,2,7,0,0,0,0,0,0,a01ab12bbea45e38cdc99a8102bb727f0feab927
22,13,5,11,2,7,0,0,0,0,0,0,d099329d83db5dfc3258edd14f4a1fb255e6dc53
22,13,5,11,2,7,0,0,0,0,0,0,8e354b8d7c8623ae03561c15b2e242e53baf13ca
22,13,5,11,2,7,0,0,0,0,0,0,74bfa29e3e6cf3fb9715bb142ff61290c8436b35
22,13,5,11,2,7,0,0,0,0,0,0,7cba4b9d1cd18dc8b233a4e70c2edcdb83203040
22,13,5,11,2,7,0,0,0,0,0,0,2c503f5050f849b37a35445af269cd76f97757a6
22,13,5,11,2,7,0,0,0,0,0,0,6db90364106bc116a8f1b93a9e0bdafee90f5038
22,13,5,11,2,7,0,0,0,0,0,0,21b416a7c7db67d30b73915f5b6979ba4941e75f
22,13,5,11,2,7,0,0,0,0,0,0,9be89f6f9e6bbd0bca29e9dc3c09d5a9e6e9e36a
22,13,5,11,2,7,0,0,0,0,0,0,277eca85f5eaf009c9ae7a38ef28801a747f9efa
22,13,5,11,2,7,0,0,0,0,0,0,a72557a0be64d1292ba71832ef8f4d14c386d5ec
22,13,5,11,2,7,0,0,0,0,0,0,fa0a0dc209d5bb89278821bddd4de56828997350
22,13,5,11,2,7,0,0,0,0,0,0,5bd8b7fa4fe2bae266e784936837cda46e017b85
22,13,5,11,2,7,0,0,0,0,0,0,9659eb4178f6bf3e8058a4ff3401be8f4e4e1967
22,13,5,11,2,7,0,0,0,0,0,0,46ecf2a7c9f6f045d6587279b39f08b74ba066c0
22,13,5,11,2,7,0,0,0,0,0,0,89618b86d4530a8167a7955f6ef5979bc12bee16
22,13,5,11,2,7,0,0,0,0,0,0,ebae6b3136c3417d6f7382a872f077143dae534b
22,13,5,11,2,7,0,0,0,0,0,0,e9f9179b871f83caf2927c1d3968fc393a7a01bc
22,13,5,11,2,7,0,0,0,0,0,0,766b7439a2953194045b98d7eaaeedcbfcbf521f
22,13,5,11,2,7,0,0,0,0,0,0,3992a049344c40e96b357b7fb553d6635590a2b5
22,13,5,11,2,7,0,0,0,0,0,0,81b79e39607ac3d8c4d61afbec9196795220b095
22,13,5,11,2,7,0,0,0,0,0,0,a36e01e9d3a21f07db34a904633ee64e3110afa8
22,13,5,11,2,7,0,0,0,0,0,0,9105ca1cd0c046be7a467a9145a258a6c35868ab
22,13,5,11,2,7,0,0,0,0,0,0,dfef3cf3e9dd7c1e0e866a7c5265fa42c410e27e
22,13,5,11,2,7,0,0,0,0,0,0,dd0e353e7598d5a5e5cc412013f6f6667f73be04
22,13,5,11,2,7,0,0,0,0,0,0,73516f2253b7ef0b20ead7c11dc1cb767106f5ff
22,13,5,11,2,7,0,0,0,0,0,0,8218644fb7b05ddc0b81b1fde740fb357cb8ba85
22,13,5,11,2,7,0,0,0,0,0,0,2c85d3c1b83475baa0832ab28dcbdc2b2091be87
22,13,5,11,2,7,0,0,0,0,0,0,7788eee9b1d14686d69a43eed95bfb15da6b1278
22,13,5,11,2,7,0,0,0,0,0,0,2db382f183aebcb6a21739166239e024e43fd71e
22,13,5,11,2,7,0,0,0,0,0,0,638532c73d56913edb4f0f341d1c1b5c3f28e4fb
22,13,5,11,2,7,0,0,0,0,0,0,4f70897d5a85f1822a93df9bc91979ea79594901
22,13,5,11,2,7,0,0,0,0,0,0,e3dc02d8f58e522ada121cfcf96d42aa771c2264
23,14,5,11,2,7,0,0,0,0,0,0,5c2f862390a269ea7c245de269a4359d574ee5ca
23,14,5,11,2,7,0,0,0,0,0,0,ce77e81da465c2b5ea49be4f8f35be4f3dd95d5a
23,14,5,11,2,7,0,0,0,0,0,0,c67c12d7ef48713403e1026c7d61c6d9df9c8de5
23,14,5,11,2,7,0,0,0,0,0,0,3367b03689947e1a70e170abd89608132cca1709
23,14,5,11,2,7,0,0,0,0,0,0,2c654af3f3009564bc3d830c630519cdd4f651ba
23,14,5,11,2,7,0,0,0,0,0,0,02a08882dc78f382e134a8c6f98c88cb3edc1e5a
23,14,5,11,2,7,0,0,0,0,0,0,cfd4a26cb58f6f38912b84d6146c1a4bc6825ac6
23,14,5,11,2,7,0,0,0,0,0,0,1dc6780e7c15f9160d0e2e284114d8418c0eea0a
23,14,5,11,2,7,0,0,0,0,0,0,d6da60e40658fd3b602b35c3e18d7e7214a445d2
23,14,5,11,2,7,0,0,0,0,0,0,99fe092e5c795d17cef0086da0f57975b37db1a6
24,14,5,11,2,7,0,0,0,0,0,0,2d8b0266dc1bf0eadc2737d35844f5fb45bedd12
24,14,5,11,2,7,0,0,0,0,0,0,c2ed8cd598891b5f14f0c5d0104944f4bc9165ec
24,14,5,11,2,7,0,0,0,0,0,0,7e42858ab833d42fa5831eb8a7ac88ac09a41bad
24,14,5,11,2,7,0,0,0,0,0,0,3756efdb73730db939b2d635bbeb83e1e96c725a
24,14,5,11,2,7,0,0,0,0,0,0,9db6517ecb4ece5f758375a4582f3fcd4a212294
24,14,5,11,2,7,0,0,0,0,0,0,58fea0fccb34faca1a244bafec3a215f9c575f88
24,14,5,11,2,7,0,0,0,0,0,0,26412545153ecf97939cceaf069227efb486e806
24,14,5,11,2,7,0,0,0,0,0,0,2ee7896c49cef51fca40a42459427138a9693729
24,14,5,11,2,7,0,0,0,0,0,0,94e9de4dc1e3aef1b94326b4e9023bef83fa3348
24,14,5,11,2,7,0,0,0,0,0,0,ee4d460928301e3c77ae8c31924a1c58bf445a28
24,14,5,11,2,7,0,0,0,0,0,0,fc7e9b713956eda5142d5d8f5aaa6d7499217c86
24,14,5,11,2,7,0,0,0,0,0,0,a021928ff9e1625b5e95a8962e12a0d2cc25399f
24,14,5,11,2,7,0,0,0,0,0,0,4ccf50629108513737cec529f298fb0865f39e2b
25,15,5,12,2,8,0,0,0,0,0,0,0289265d60fc698a8ec736a8285a6a215d5617a9
25,15,5,12,2,8,0,0,0,0,0,0,5266ad4f9545080732f20f1611edb5ba243e4dfa
25,15,5,12,2,8,0,0,0,0,0,0,8778a9797f412f4125ce868eca4c48f24ce66e2b
25,15,5,12,2,8,0,0,0,0,0,0,8bb29f6627f133441506ccfef467fd53d3afcfcc
25,15,5,12,2,8,0,0,0,0,0,0,890344a33e15bce9cd22e5616285ef069867ab78
25,15,5,12,2,8,0,0,0,0,0,0,11d1d437ad4a07c6eab2cc47829b7ba8799c3a5b
25,15,5,12,2,8,0,0,0,0,0,0,e135166abb354126c6c4f9da2d90a4a8b08dc434
25,15,5,12,2,8,0,0,0,0,0,0,cc4c3913ce2352d862ec4e492d2ecf30d36627a3
25,15,5,12,2,8,0,0,0,0,0,0,e6d28d55309cdf7c25062d469646e0671e877607
25,15,5,12,2,8,0,0,0,0,0,0,acef1b8278288ae69c58cf87073afac8d9c063be
25,15,5,12,2,8,0,0,0,0,0,0,d0756fc7abd82ca336428622bf5f67a4cced9e44
25,15,5,12,2,8,0,0,0,0,0,0,d87ad55370dbf61c2eee71848fd0fbd4e4af26ba
25,15,5,12,2,8,0,0,0,0,0,0,4ed9d6c3fccebef7e62f5e602f45c54245d4b8e6
25,15,5,12,2,8,0,0,0,0,0,0,1e800ce8db8e2cb6ab4bd73f5e093806989540bc
25,15,5,12,2,8,0,0,0,0,0,0,898dc0d4f0ac9e0cd27ffd452edc5923ebbbbf1a
25,15,5,12,2,8,0,0,0,0,0,0,c0b07502991a4b5cbb5498406b013b1615dee583
25,15,5,12,2,8,0,0,0,0,0,0,d940d25da50f8a189bbe8be54e19f91872df22ce
25,15,5,12,2,8,0,0,0,0,0,0,6638431cbfef10b70b338b62a116661ea66c42b0
25,15,5,12,2,8,0,0,0,0,0,0,1977e16380fcc33ba069e3d8a122ae850d2bb494
25,15,5,12,2,8,0,0,0,0,0,0,7e693e8f57b8e8a47de362d896334df8c56de3f5
25,15,5,12,2,8,0,0,0,0,0,0,202baf927607275a38e436d718a7efce27324677
25,15,5,12,2,8,0,0,0,0,0,0,f522096606eb883b10d22b05cdf89ace19e13096
25,15,5,12,2,8,0,0,0,0,0,0,e053dddb1285726768a5ecccc241c7a8373b49b6
24,14,5,12,2,8,0,0,0,0,0,0,f62266687197fa7598257b64b7b4ccfffc593ae4
24,14,5,12,2,8,0,0,0,0,0,0,38c34413de60d79c5c90fc13515d05c94ac3f9de
24,14,5,12,2,8,0,0,0,0,0,0,255873fba9772e59354e6cb35d5011e519c041e7
24,14,5,12,2,8,0,0,0,0,0,0,2874421c9c0568a64a8f17bcb55caeb2095e1e94
26,16,3,12,0,8,0,0,0,0,0,0,db53dea56832bb27103f9c6585e3319ed043c3aa
26,16,3,12,0,8,0,0,0,0,0,0,eb89a93b6f035059267d1bf63a44f4ffafc224b9
26,16,0,18,0,9,0,0,0,0,0,0,bbcc7a5262c711a9d83d52c9574cf604c88445a6
26,16,0,18,0,9,0,0,0,0,0,0,4ac28512dc4ba9e74b2cc6609477ed343bee2587
26,16,0,18,0,9,0,0,0,0,0,0,7f541d7de606a63bedd33268e3e911004c25cafa
26,16,0,18,0,9,0,0,0,0,0,0,f28fad93239e68ef3603f888dc17c0a6fc576207
26,16,0,18,0,9,0,0,0,0,0,0,c62115197c9bf2e651b572497dc7b6ffe0003a97
26,16,0,18,0,9,0,0,0,0,0,0,516efb1ad1659bdfc462cf47f72bf4701a39ef63
26,16,0,18,0,9,0,0,0,0,0,0,7fabaa2e71c8ace59ac30843304c840010fdabc1
26,16,0,18,0,9,0,0,0,0,0,0,adcc80a5481095075dd797c8116cc3db82bc3c20
26,16,0,18,0,9,0,0,0,0,0,0,80dc3069770e592a0dc61478b0e0f51c0d36d87a
27,17,0,18,0,9,0,0,0,0,0,0,99fd3e7bfa09838f76597b38c717701273d2a5ea
27,17,0,18,0,9,0,0,0,0,0,0,bb15c8b1d2612afb7399e2945a351af476e83a8d
27,17,0,18,0,9,0,0,0,0,0,0,296414fd6bee996d8498af30eafdd9d14e341f6c
27,17,0,18,0,9,0,0,0,0,0,0,6e5fc3ae778d2c837958813f8b4cf25bd93204ca
27,17,0,18,0,9,0,0,0,0,0,0,53cd74ab341f46b98c46638e7c5e52172272d69b
26,16,0,18,0,9,0,0,0,0,0,0,623c3f66df27cf943f9f7411727c2f33a6da2171
26,16,0,18,0,9,0,0,0,0,0,0,f40fb10e724350b5f0f4d6ae15bf5bb3c3b97ea8
27,17,0,18,0,9,0,0,0,0,0,0,71eba76ca0f9c8d4a0070dee01d1c47b89f88969
27,17,0,18,0,9,0,0,0,0,0,0,2b3b69f55a856c2d1a220b8edfff675baa6c462c
27,17,0,18,0,9,0,0,0,0,0,0,d4929ca8e5ea49761d372a948dd3ad5544c9c068
27,17,0,18,0,9,0,0,0,0,0,0,19ad3a2b38cac43dcc0c91186d0bcea5bb820afe
27,17,0,18,0,9,0,0,0,0,0,0,9beb9042d57321d8ba0faa05e25ef4bfb01ad0b0
26,16,0,18,0,9,0,0,0,0,0,0,913933f43e448130ce9b22466d481c78c5b9177c
26,16,0,18,0,9,0,0,0,0,0,0,60c9369b8b5821d7318915021ccb81780d5216ff
26,16,0,18,0,9,0,0,0,0,0,0,6d2278d12526439bc64f202f89ddd48867e04d5e
26,16,0,18,0,9,0,0,0,0,0,0,dbaf0f4bf99b8f03eb3d767851ad1e05c5afee63
26,16,0,18,0,9,0,0,0,0,0,0,91fda44aa212cb82bf6fb730868b8066580eb4e7
26,16,0,18,0,9,0,0,0,0,0,0,18063e127749f5209ba931d41b4b26ecff630359
26,16,0,18,0,9,0,0,0,0,0,0,6044eedaee56c2d3c97d27ec8e3db9c6e1e4d3c0
26,16,0,18,0,9,0,0,0,0,0,0,38bd3807e439f73252244d6f3f4827d95779c091
26,16,0,18,0,9,0,0,0,0,0,0,d19413cb1581f456230aa028e03bcf6d0acb252f
26,16,0,18,0,9,0,0,0,0,0,0,97f8bd7a6e065cb1e13f7e98e2b2e222a45801e1
26,16,0,18,0,9,0,0,0,0,0,0,9fd54cfb88912d591a9187b6a51b2fd5721ecef3
26,16,0,18,0,9,0,0,0,0,0,0,65e2b203dc6e393fe7fbb81391dea5764e512fbd
27,17,0,18,0,9,0,0,0,0,0,0,53480a207ae92dbab9ebac4811f317f2b692e4a0
27,17,0,18,0,9,0,0,0,0,0,0,e308865fe399b5762c0ba1806da9b8579ace8528
27,17,0,18,0,9,0,0,0,0,0,0,ead0b3b48775fcfa2916d66698d9cd0f0ce8d2e1
28,18,0,18,0,9,0,0,0,0,0,0,b3a530826bd00bd155d66b14d2cae7c86b85d2b3
28,18,0,18,0,9,0,0,0,0,0,0,fd905be05a6c00a79b663ffa7ca3b8277dbd45c2
29,19,0,18,0,9,0,0,0,0,0,0,fdbfc7f6c8157eedfba7f54202d3e8c82a160407
28,18,0,18,0,9,0,0,0,0,0,0,7ece3fe17dd517719bbdf4e953f459805eb9b1e0
28,18,0,18,0,9,0,0,0,0,0,0,88358d931133eeafd800c952437351d80d7bb6f4
28,18,0,18,0,9,0,0,0,0,0,0,a6997584dea4379c01fa8cb52eb54e70855a1098
29,19,0,18,0,9,0,0,0,0,0,0,684e8d9be4fcf840581daa98d07d64df0db9e0d7
29,19,0,18,0,9,0,0,0,0,0,0,643d318ef8c0483c1d19eeb68e28acef7ca68d5a
29,19,0,18,0,9,0,0,0,0,0,0,de456b7e6397d775bd244b7e20eb1d675ca1bde0
29,19,0,18,0,9,0,0,0,0,0,0,c0e79b9f2826391b50273693fd6826441147dbba
29,19,0,18,0,9,0,0,0,0,0,0,663e1393a96605ce21510e1a928b3d03edee43ca
29,19,0,18,0,9,0,0,0,0,0,0,243813b594108480e26c7f9d3959b1ede49c22a0
29,19,0,18,0,9,0,0,0,0,0,0,bf165e9533912e06331115a2a0474e008956abd6
29,19,0,18,0,9,0,0,0,0,0,0,f1982fc25fe09a4498d6e474695b922d1d91f3f1
30,19,0,19,0,9,0,0,0,0,0,0,77555b11808fd4fcdb3ca65d5c5ccbe9dfc5ea1a
30,19,0,19,0,9,0,0,0,0,0,0,b96074f0f705133ec3e76e293858de0ab1104513
30,19,0,19,0,9,0,0,0,0,0,0,95a50dc3eb7e9ebc3ce7ed4192aae512c08786bd
30,19,0,19,0,9,0,0,0,0,0,0,ba43b478c81c66f3dded7480ad8c8bdfdf7ff448
30,19,0,19,0,9,0,0,0,0,0,0,48f705f3b92206e7332d900da718ed7afaf5797f
28,18,0,18,0,9,0,0,0,0,0,0,b5045954aa5053fe71bf1ad2679ad82a8a5eba55
28,18,0,18,0,9,0,0,0,0,0,0,33656f52fb62eef6e72c3840823b7901b5bce526
28,18,0,18,0,9,0,0,0,0,0,0,7629515829a24bf824f5750778172a9cbf52a6ee
28,18,0,18,0,9,0,0,0,0,0,0,7c6b202adbeccd7184219bcf2eb6d782bdbadb2f
28,18,0,18,0,9,0,0,0,0,0,0,1f24544592f8fe8e6f6a8aa7b208702ecc4752f5
30,19,0,19,0,9,0,0,0,0,0,0,14a920d2082cd2b41aa384732b39ecc18741e992
30,19,0,19,0,9,0,0,0,0,0,0,c91ce8bcf435041b4b4599a66147eb85d3e7e4be
30,19,0,19,0,9,0,0,0,0,0,0,cff77d0653b57f726f138777ca97c9819e4cb770
28,18,0,18,0,9,0,0,0,0,0,0,3606037d6081a64ebdf2b1b80b9377178feab055
28,18,0,18,0,9,0,0,0,0,0,0,6be59eab605d0d14578444daf4bbebb04ad950c7
28,18,0,18,0,9,0,0,0,0,0,0,b1dcfb9cbff34049a2eba58c8ec602dff087c1d4
30,19,0,19,0,9,0,0,0,0,0,0,88ac632582cd953172846d541011782088afe4dc
30,19,0,19,0,9,0,0,0,0,0,0,202a842a8ca0a875c47d01768ca33c95cf1cb1a4
30,19,0,19,0,9,0,0,0,0,0,0,a2846a90c6f68f28e1a4a1d78393fb2e8d28147c
30,19,0,19,0,9,0,0,0,0,0,0,a535852597db409e5ae4d7b5179f48de9e84d5b5
30,19,0,19,0,9,0,0,0,0,0,0,4e48f8a83241605af0e5432a2cc120cf776af2ed
30,19,0,19,0,9,0,0,0,0,0,0,09445e163102e76299ab93a872de07b43c6dc5db
30,19,0,19,0,9,0,0,0,0,0,0,0f9f4f1ee325d72d09625850ba6a153ae5616ab0
30,19,0,19,0,9,0,0,0,0,0,0,4f4972795897b83a0270a16c90b7eac01ea69d93
30,19,0,19,0,9,0,0,0,0,0,0,85e66b3c41f07712f4c11ac9d9178d69dfe0d60f
30,19,0,19,0,9,0,0,0,0,0,0,3fc348729bc6428f7f6fc9176ef86c10cdfba191
30,19,0,19,0,9,0,0,0,0,0,0,8de2e935d8213d56752f3f4ec97e645ad5e1499f
30,19,0,19,0,9,0,0,0,0,0,0,ac69a2754165ab73582b0bc1421c08b315427070
30,19,0,19,0,9,0,0,0,0,0,0,db2f6bdc3e37a51f6d2d5124889a9f0e9f1eaefd
31,20,0,20,0,10,0,0,0,0,0,0,583ab37ece15e1e27d1eb5e980ef7bcdc8a6afe9
32,20,0,21,0,10,0,0,0,0,0,0,91a27096ab3793644e3e26b2699c9494226ea1ad
32,20,0,21,0,10,0,0,0,0,0,0,fec109bd948037c0b1839fa642cd7b298a092eec
32,20,0,21,0,10,0,0,0,0,0,0,fa8738a4715e0b6e808a120ccb55b035a6ef391a
32,20,0,21,0,10,0,0,0,0,0,0,e958efd7e3f13d9a6c104a8800038fec418d51f6
32,20,0,21,0,10,0,0,0,0,0,0,bf8ca93d71eb2cc95f444b13d82a019c30fad76a
31,20,0,20,0,10,0,0,0,0,0,0,5c34fa35b31047fd4f24575d932e35f557015874
31,20,0,20,0,10,0,0,0,0,0,0,c648aa440c70e0e92a9dc6f50d8673529211a32e
32,20,0,21,0,10,0,0,0,0,0,0,66fefcc873f06f6f138d17d3a672970cf22e7b33
32,20,0,21,0,10,0,0,0,0,0,0,d9c8a84cbd1971d7f04220db7892dbb628d2e7f1
32,20,0,21,0,10,0,0,0,0,0,0,1cd4b642a06496db645e95b3e63f85b4c420b537
32,20,0,21,0,10,0,0,0,0,0,0,577d13a232b426960dae0b28c63ecac7c33b2643
32,20,0,21,0,10,0,0,0,0,0,0,080925bb58105d4097741f8c6b443479b060daf1
32,20,0,21,0,10,0,0,0,0,0,0,115a0a591bbe165b3bc22a0d191d72d30ee1dc9e
32,20,0,21,0,10,0,0,0,0,0,0,95e610ec1da424ac7208fcb28180b49cd947b91a
34,21,0,21,0,10,0,0,0,0,0,0,ac077e43692174b21874ce54baa1bc4d09d91e3c
34,21,0,21,0,10,0,0,0,0,0,0,e4cb49683bfae0071ac660f580571c47393d303e
34,21,0,21,0,10,0,0,0,0,0,0,3d850c77aef279a76ef5db2a07cf431c55509eac
34,21,0,21,0,10,0,0,0,0,0,0,7d7bdf8a3b21eae0e15f64954fd5cf1db3622cdc
34,21,0,21,0,10,0,0,0,0,0,0,d774fa17219fe502f23edfc5592fc6230ceed3c5
34,21,0,21,0,10,0,0,0,0,0,0,93c9c67bb772dd34e54eda2256058b2fd27e8818
34,21,0,21,0,10,0,0,0,0,0,0,624b131b577ebad67e9ebb79890969167116b670
34,21,0,21,0,10,0,0,0,0,0,0,429603e94e75710b9128fe80d239b4fce012ba57
34,21,0,21,0,10,0,0,0,0,0,0,2abe84a86fcedba3532a358176c2e39fbf65e5a0
34,21,0,21,0,10,0,0,0,0,0,0,654b7c537a7357def9dd44492ca95fdeacdbdd41
34,21,0,21,0,10,0,0,0,0,0,0,c6fe1f55401d7f6ad7f4d59cfbfd384d2c24b869
34,21,0,21,0,10,0,0,0,0,0,0,eefc0ad1f355400265c4b6950dedc795cfd64646
34,21,0,21,0,10,0,0,0,0,0,0,a80661f631ad4cb9421a7e20cfdc95e339032d1f
34,21,0,21,0,10,0,0,0,0,0,0,5db13157c1b53126474ca7d6c33c1e3bbeeca0c9
34,21,0,21,0,10,0,0,0,0,0,0,14b22de6087cc0c94a5bf71646944743bee41a76
41,22,0,24,0,9,0,0,0,0,0,0,60aad9ab6321a9d7c58a5c0e5d1cf24773edc755
41,22,0,24,0,9,0,0,0,0,0,0,e886abcf0f28365d443ae21815e518cea84d48f4
41,22,0,24,0,9,0,0,0,0,0,0,5f57c1b9943026fc3a12028fa3543755adc46021
41,22,0,24,0,9,0,0,0,0,0,0,578b67fcc345506998ac5cbdd7cda6b1839db36c
41,22,0,24,0,9,0,0,0,0,0,0,bd9f0ef872145ade6739e9053ef13e2599689a96
41,22,0,24,0,9,0,0,0,0,0,0,825744cc1b1de923b3432a67ec26fcd75d94a8cb
43,22,0,26,0,9,0,0,0,0,0,0,9fd6c0eb3504c863305636cc9a7f67904ed96451
43,22,0,26,0,9,0,0,0,0,0,0,e45162a9ad27a76a0c9ee5f4fa7537dff5dc7690
43,22,0,26,0,9,0,0,0,0,0,0,e4fea24c8f7d675559105e6c2beacd12bf39c4f6
43,22,0,26,0,9,0,0,0,0,0,0,9ade7b47d5ce97580c1c7bdaaa1d5116650cce18
43,22,0,26,0,9,0,0,0,0,0,0,8847939d926917d16a0de9be4b168e1a1ab9324b
43,22,0,26,0,9,0,0,0,0,0,0,757a9f03398abf3a927a8c8e01d7e8f9c83b4762
43,22,0,26,0,9,0,0,0,0,0,0,41a272ef6d1428b0eb8dada86da6bee3c1859fa1
43,22,0,26,0,9,0,0,0,0,0,0,0a164fcd350db55a03bb4cc646f01bd9f7b3812e
43,22,0,26,0,9,0,0,0,0,0,0,1e21f0a2ade4f46199fd64d24660e8a9bf96e2ff
43,22,0,26,0,9,0,0,0,0,0,0,a6f1f2deb252fef5f595bc441ea2577d36cf7580
43,22,0,26,0,9,0,0,0,0,0,0,5298fb0b9d386e2197e94d731c8d3bb60d981cdd
43,22,0,26,0,9,0,0,0,0,0,0,3decaf5d6f40846bc0ac47dd26ceb90cd6c3a1bb
43,22,0,26,0,9,0,0,0,0,0,0,cc9e332a6ded0979f4bc2dd1164ebdfdfde8785f
43,22,0,26,0,9,0,0,0,0,0,0,91b4fbabc8578ff071b7de5a6894aa9f9043a708
43,22,0,26,0,9,0,0,0,0,0,0,f908f5c402117e80093849247867ba8c9778c1e8
43,22,0,26,0,9,0,0,0,0,0,0,40b7fa0d4f04f9ddcf96254d72e8ad2dd0c5358f
43,22,0,26,0,9,0,0,0,0,0,0,09bd342010dcc1d283d72b8b073a18623f7b7cb9
43,22,0,26,0,9,0,0,0,0,0,0,9939a45c122e2f0c8ea8fe7a007c80692ed0a680
43,22,0,26,0,9,0,0,0,0,0,0,44969dec9bacaf268bdaec768f63e00077c7eb12
43,22,0,26,0,9,0,0,0,0,0,0,2ca55a4ebbf6e2dc7d0ab622eb8e97c4c02f4406
43,22,0,26,0,9,0,0,0,0,0,0,56faf4317c784e7cbd85696e1e363b28ae966393
43,22,0,26,0,9,0,0,0,0,0,0,fcfad87c2260eb127ae4850cb77e776fa1611c72
43,22,0,26,0,9,0,0,0,0,0,0,4fed8f1fa79b36960e16928322b129949f1fb04b
43,22,0,26,0,9,0,0,0,0,0,0,9b3352c0acf7125a5aba6226bed95a13c241d29f
43,22,0,26,0,9,0,0,0,0,0,0,beec9d3d503aed5ca3450e303b426c51ddd0a955
43,22,0,26,0,9,0,0,0,0,0,0,6ed2da705924ef413578f88c59d658b61c5eaee5
43,22,0,0,0,0,0,0,0,0,0,0,e29f1b58ba7365377a961776c91673efd989ddf1
43,22,0,0,0,0,0,0,0,0,0,0,3c5cfcf77c124e25aae37068362a8ee14b4a36cc
43,22,0,0,0,0,0,0,0,0,0,0,615de8a8890313b27031b7159b4ab074897cbbea
43,22,0,0,0,0,0,0,0,0,0,0,07ef83c81f0d21e052daede85a3749f21fe96808
44,22,0,0,0,0,0,0,0,0,0,0,1414cf7e6435ce4f0a32712eca3fc406fa9f0208
43,22,0,0,0,0,0,0,0,0,0,0,e4a7fd262ad61f24215980cfbdcce3729352363d
43,22,0,0,0,0,0,0,0,0,0,0,495e5ed5a67a609e8cf7e761705a875937e29cdd
43,22,0,0,0,0,0,0,0,0,0,0,01db454809ff7960f7fd4238155bc467bd2be225
44,22,0,0,0,0,0,0,0,0,0,0,49d72e91f7807310347f43ed0e9450df8e02baf2
43,22,0,0,0,0,0,0,0,0,0,0,e514c4e4dc295b8e7e101fc7b5ed7dfc4ad0014a
43,22,0,0,0,0,0,0,0,0,0,0,9c7c35300a750c0dc0a7d6240e8bc1ffc2e5ccb6
44,22,0,0,0,0,0,0,0,0,0,0,7308d948a91270d29293a024bb0283579fc91491
44,22,0,0,0,0,0,0,0,0,0,0,b47275a8d4987627b9201e6458493b63ec80e213
44,22,0,0,0,0,0,0,0,0,0,0,ef9537c77e52152e63731c766c248cc586c93cc5
44,22,0,0,0,0,0,0,0,0,0,0,27c811612076c16a34ed07883723546f1b9df28f
45,22,0,0,0,0,0,0,0,0,0,0,bfb3103e7a20d433e8a11e25f8776112f14de2d9
45,22,0,0,0,0,0,0,0,0,0,0,20a85527aad50293425e1ea954da1dcff5c27982
45,22,0,0,0,0,0,0,0,0,0,0,cbb069e7a4689b578db1a5e2a3e23279492342de
45,22,0,0,0,0,0,0,0,0,0,0,ec39a4c206adb707cd6bd7ad644cb724b0f16d98
45,22,0,0,0,0,0,0,0,0,0,0,de33fc1610ccd28f2d3e85a156d31e7a8c02dbdc
45,22,0,0,0,0,0,0,0,0,0,0,3c4cea10d40ec254717f275d3db09570a9e160af
44,22,0,0,0,0,0,0,0,0,0,0,6556b8cdaaf1c45a48317373e6efbf5452e8ee8d
45,22,0,0,0,0,0,0,0,0,0,0,f1844831b4eec9b1ba5047139db10bc7dbe4b86a
45,22,0,0,0,0,0,0,0,0,0,0,d015e3f3ea14fc0e73d36ddb49cd748b1bd0f01e
45,22,0,0,0,0,0,0,0,0,0,0,227dec7e787931a64b4eee8c8cfd5dbd6a85c307
45,22,0,0,0,0,0,0,0,0,0,0,d7dbc6df9a51659438df4cbfa412288132a69fc4
45,22,0,0,0,0,0,0,0,0,0,0,43c2ff1bbdf10f078b4ce2e6860bd54afbac6b4d
45,22,0,0,0,0,0,0,0,0,0,0,0a78c57d351dafc21b3ddf74ba1a5a4267d7c2d5
45,22,0,0,0,0,0,0,0,0,0,0,4a1fc0256e21a91d67989a7af52046ee3c36c83a
45,22,0,0,0,0,0,0,0,0,0,0,ff09e7149ef38781b5844958823dd26de706cf9b
45,22,0,0,0,0,0,0,0,0,0,0,826899a4ca4711276acf4ac5ba846630cb496bd0
45,22,0,0,0,0,0,0,0,0,0,0,a1cfc00019d2517179a43a016c77adffca3c22f3
45,22,0,0,0,0,0,0,0,0,0,0,e1e65b7586f760eedce987504fd6103407d7dae8
45,22,0,0,0,0,0,0,0,0,0,0,16675f25421adeea1ee5e2175ea91447c3f46e57
45,22,0,0,0,0,0,0,0,0,0,0,440633736a268a55ae7d41c13c5683e21c1d2625
45,22,0,0,0,0,0,0,0,0,0,0,62144ba32eaca06c67eef5007c2fa0728b7abcc5
45,22,0,0,0,0,0,0,0,0,0,0,54f371bf3dcffdf54d9c4893ef0de563b98a2fe6
45,22,0,0,0,0,0,0,0,0,0,0,f886dc17ac2ee910324a23bd33ef60c5088e1380
45,22,0,0,0,0,0,0,0,0,0,0,ecf7c046543107dc56a64bb9dd5b4c1e99538c09
45,22,0,0,0,0,0,0,0,0,0,0,4f13e9d4b1333cdd58eb8cf463cf78b3aee42f41
45,22,0,0,0,0,0,0,0,0,0,0,be7a3120c9ebb4d6654dd2d0a5c9b700d6bb3f75
46,23,0,0,0,0,0,0,0,0,0,0,1fdb46ef9eb279fb1f9b2321dc978977876e8230
45,22,0,0,0,0,0,0,0,0,0,0,eac79de64fa3b5f15cb7dd6d76c19e60a3d5e0c6
45,22,0,0,0,0,0,0,0,0,0,0,e2ec33b61996aefbff296223cab55416d4c25542
45,22,0,0,0,0,0,0,0,0,0,0,5bb7fed683333656de2a6097b76d508b9d4fda2d
45,22,0,0,0,0,0,0,0,0,0,0,f904a082b1618fc487e235731eb5369847ef8f9f
45,22,0,0,0,0,0,0,0,0,0,0,ef23ff9b0155904253c40d566510693a52f929ca
45,22,0,0,0,0,0,0,0,0,0,0,b60a4c979a2a1258f9f556a0dc7a93383212cf34
45,22,0,0,0,0,0,0,0,0,0,0,7e1ab95546d70eef6b3c8c68465bc63cea34d03c
45,22,0,0,0,0,0,0,0,0,0,0,475fe4f35a8d8022207d14d611473cd06282c440
45,22,0,0,0,0,0,0,0,0,0,0,8c723c84ba3fc1c55ab2b3350abbb9c5fa3d3c3d
46,23,0,0,0,0,0,0,0,0,0,0,4b9b903de0f5bffe2a3d502918b2207e411eeea7
46,23,0,0,0,0,0,0,0,0,0,0,996b7ad38697eb26ae8d929b6896124361072949
46,23,0,0,0,0,0,0,0,0,0,0,2accb1c601f2456c946a76ae996eb815a14d99b3
46,23,0,0,0,0,0,0,0,0,0,0,874092862dbc13e80d23cfe5ef617775ca4a3405
46,23,0,0,0,0,0,0,0,0,0,0,4d32c5a71846eefa7c5d999eba8d839f5b18a623
46,23,0,0,0,0,0,0,0,0,0,0,cf12632f0501ffe13525738198831071fba4132d
46,23,0,0,0,0,0,0,0,0,0,0,b9595b19682ec1eb4bc95ef5df8fceb60adadbbe
46,23,0,0,0,0,0,0,0,0,0,0,ad67f617b4ddba7b47731f9384d0074046133503
46,23,0,0,0,0,0,0,0,0,0,0,516273cb63624c77c3a1241d8b265cf2d6801c64
46,23,0,0,0,0,0,0,0,0,0,0,57c51c185f0413a1be5578d408df638250a27e73
46,23,0,0,0,0,0,0,0,0,0,0,8ec90bf5a24130962582cb9bef8d7e200e7fcfa9
46,23,0,0,0,0,0,0,0,0,0,0,c2594dcc0d9a6cd9619f30e096582c89867c607a
46,23,0,0,0,0,0,0,0,0,0,0,3d8f38d443d1afb49668395edab630376452e6c3
46,23,0,0,0,0,0,0,0,0,0,0,0c59cc9786505f99941279f4e4ddf6202de637f4
46,23,0,0,0,0,0,0,0,0,0,0,970f04fc97d773e2030ae2a3f84ef23d5b1e7296
46,23,0,0,0,0,0,0,0,0,0,0,308b0a45855f7736ba18626060f429a7144eda02
46,23,0,0,0,0,0,0,0,0,0,0,fcfbf7066a541ba9d61b45c75d9fdf93bfd83cc6
46,23,0,0,0,0,0,0,0,0,0,0,0c819eae97f1f117853d852024d57835ec715774
46,23,0,0,0,0,0,0,0,0,0,0,7bdb131b47a209fab39a050ec8534f424ad7ec9b
46,23,0,0,0,0,0,0,0,0,0,0,0c96a0e7f3af60708c1707e8364eff38229a84b3
46,23,0,0,0,0,0,0,0,0,0,0,d95ad7b7c16c947a3570c2d9f9df554f947f0b63
46,23,0,0,0,0,0,0,0,0,0,0,ff002e66805a3de466f4a86ee4e098043e80c1da
46,23,0,0,0,0,0,0,0,0,0,0,c89943476c14d9532581c86f6cd83543bceffa48
46,23,0,0,0,0,0,0,0,0,0,0,0176526155f6670a0a34b63f91a1a90383138d11
46,23,0,0,0,0,0,0,0,0,0,0,224a7b239ad4b164742820bada231e8fdbabf18d
49,24,0,0,0,0,0,0,0,0,0,0,7b507630cfe8f0a0378a260c5f3a52eedf0d7918
49,24,0,0,0,0,0,0,0,0,0,0,54aad77534c02206d676a1ba23e365a8fadcee5c
49,24,0,0,0,0,0,0,0,0,0,0,825c1b87e8b40e49b6698ab7b4f824aa6db126b4
46,23,0,0,0,0,0,0,0,0,0,0,dfb5baa74823206bda2e3ad453fd1d2fe119b1f2
46,23,0,0,0,0,0,0,0,0,0,0,ba29aaf12f369d4d2619b480b0b7d9748a347829
46,23,0,0,0,0,0,0,0,0,0,0,359a10e5ad6164977329b8d11b98b61c4244fee4
46,23,0,0,0,0,0,0,0,0,0,0,e298779cac90aed8253ed0453697d43719a230b7
46,23,0,0,0,0,0,0,0,0,0,0,b82c5de01e1a039f9c55d2f4bd3242697d86ceb9
46,23,0,0,0,0,0,0,0,0,0,0,db4caa5e9a6cea8aa5e2487e1288c8bf6cac0fca
46,23,0,0,0,0,0,0,0,0,0,0,4e195cc45b48bbbaa37f5c7ecd9b52b3fb8cc162
46,23,0,0,0,0,0,0,0,0,0,0,e22a72fed15392b8ac7799a13279130394f00b94
46,23,0,0,0,0,0,0,0,0,0,0,b07e7820d51da4f2ace1b2e6bbcd4e61d953f1f6
46,23,0,0,0,0,0,0,0,0,0,0,ba7007e1b6f4f1bc88797b6a0f894a4265342801
46,23,0,0,0,0,0,0,0,0,0,0,ac025e6192502dd7e6eaabbe9e02dd4301d5ebce
46,23,0,0,0,0,0,0,0,0,0,0,7710d01ce579e93084123e95c66ffcb9b0736d15
46,23,0,0,0,0,0,0,0,0,0,0,3c549d45d5a345de8bb07a3b6e097be5252c4e9e
46,23,0,0,0,0,0,0,0,0,0,0,7d233a7774c5842d9894d748f983b2d6ca44cdef
49,24,0,0,0,0,0,0,0,0,0,0,5f1343e37e9ce9c919293ed460a3eb8de26d6151
49,24,0,0,0,0,0,0,0,0,0,0,9de87a6cdfb7184ec703b2b2205f0290b4e42eaf
47,23,0,0,0,0,0,0,0,0,0,0,5902064b145352c9d9f8743c8fbce6edb78d48db
47,23,0,0,0,0,0,0,0,0,0,0,7a71ccb810b73f4d11b9b39b69d3c6edf2ae96ea
49,24,0,0,0,0,0,0,0,0,0,0,7165fceb00d85b01c9697911dd597763a1a1f99e
50,24,0,0,0,0,0,0,0,0,0,0,94b7710044f1a07f1d25741c9e9f9d778b8219df
47,23,0,0,0,0,0,0,0,0,0,0,bb4caaf0b9c71c9c119536e62a3ce976b3c93cc8
47,23,0,0,0,0,0,0,0,0,0,0,1ef92efbad8796014fed1714a22786a3989eb334
47,23,0,0,0,0,0,0,0,0,0,0,4b9d456a3de25b6a20e822d9ab4cb83fae8baec7
47,23,0,0,0,0,0,0,0,0,0,0,75c99a3094a1e053dc74f109b5f526bf248c71b4
47,23,0,0,0,0,0,0,0,0,0,0,26cbc0ddb5a12bf78a1c7c55e099480a6668a030
47,23,0,0,0,0,0,0,0,0,0,0,27b7851ed115423a2fb2cb27a5967ab88fd84ab8
47,23,0,0,0,0,0,0,0,0,0,0,36d026ede70fba5ccfd5bee8d9a92b79822c193c
47,23,0,0,0,0,0,0,0,0,0,0,daed1d385a26d5a3566e77ae9d30af0fa7102c42
49,24,0,0,0,0,0,0,0,0,0,0,317b93aee7986ab3d30c718c2a90a0441a654c44
49,24,0,0,0,0,0,0,0,0,0,0,3ced9859b74ab579e674dfbd8772ad3ad7e31c6b
50,24,0,0,0,0,0,0,0,0,0,0,44b008092abbb7dd31eaa45516073abd07bec8e8
47,23,0,0,0,0,0,0,0,0,0,0,6960d16c264ffc9c5d9e47dc8aa7e59d4cc7178f
47,23,0,0,0,0,0,0,0,0,0,0,ecc351791572674ae36e9e66124b91bc7344badd
47,23,0,0,0,0,0,0,0,0,0,0,4d10e35b722d7bb2286bd2a228fe6c22a156e8bc
47,23,0,0,0,0,0,0,0,0,0,0,8da6ad6f8693c049a6c74fde7e50774c70393e8a
47,23,0,0,0,0,0,0,0,0,0,0,028288b405d35b31eca7e430f05a5ccf14f96e4c
47,23,0,0,0,0,0,0,0,0,0,0,4693491748b5d793df5d693a16af3bd1d58d5154
47,23,0,0,0,0,0,0,0,0,0,0,02c5cd4175fd80031f26b2a6880323191e140a67
50,24,0,0,0,0,0,0,0,0,0,0,c15284c27411a87d0bc68e0ba00a562b7a5cc670
50,24,0,0,0,0,0,0,0,0,0,0,d7208b960661dac4a4bfd45a20c049d0253997a5
50,24,0,0,0,0,0,0,0,0,0,0,7de389dfab7a2cf2511ff62df9f5cd90f85edb34
50,24,0,0,0,0,0,0,0,0,0,0,37556459e63fc385ed111b7c2111c176ed25ec73
50,24,0,0,0,0,0,0,0,0,0,0,85f6014d059625d6ca0a1b709fd9c77519242e22
50,24,0,0,0,0,0,0,0,0,0,0,af8324b596f6bf8d3c0b18e60cd069694c079cd5
50,24,0,0,0,0,0,0,0,0,0,0,f7b2264a8808b6dfb08ef791a0f7556a442a468f
50,24,0,0,0,0,0,0,0,0,0,0,3a9f3f1cfce71c70a79806f1d26a862d13648c93
50,24,0,0,0,0,0,0,0,0,0,0,09f83f2bbe1c0412df1b73451f8c2a26c1c2f40a
50,24,0,0,0,0,0,0,0,0,0,0,5b4b1c6cd5412b7198918f438e5b79243d00a45f
50,24,0,0,0,0,0,0,0,0,0,0,cbcef6d4b9ce714b867d1245b658214f5c9ead55
50,24,0,0,0,0,0,0,0,0,0,0,7f29234754be0f7d9a248ac0ef045d9306858eac
50,24,0,0,0,0,0,0,0,0,0,0,57b6170bf2443112f087c2f3bf384e7dd1575e54
50,24,0,0,0,0,0,0,0,0,0,0,eb5d50be742c2a4880ff4a3543c4bd4897152bce
50,24,0,0,0,0,0,0,0,0,0,0,1ebe8ca264f2c9f0731f58cd86a6c35bcb6f23fd
50,24,0,0,0,0,0,0,0,0,0,0,98f631a2a320237b6122e308ebc454dab58cee8f
50,24,0,0,0,0,0,0,0,0,0,0,b5a5e5674b46fb60e6371fb812d1e4e51137680b
50,24,0,0,0,0,0,0,0,0,0,0,c1f5544dd08c35d2998c010071995771653a263e
50,24,0,0,0,0,0,0,0,0,0,0,d7f184c002d13ddabec8aa8543d8db544da58de1
50,24,0,0,0,0,0,0,0,0,0,0,fba02b62e07a9761c55e3bc857a316cae0beb8fb
50,24,0,0,0,0,0,0,0,0,0,0,0c731afec24e4b411440ee8e7bd320b5e81ea2d1
50,24,0,0,0,0,0,0,0,0,0,0,2df54d0774dbbb161bce6d3f818f8fff818d68a3
50,24,0,0,0,0,0,0,0,0,0,0,897408402668adf87d5ebf4dd7c10c3f8def4388
50,24,0,0,0,0,0,0,0,0,0,0,55d954934adb9babe7e61acc436fa99b99b5ff50
50,24,0,0,0,0,0,0,0,0,0,0,d146a6fdc6eb16952f8ca0f892cfa7bd10edb744
50,24,0,0,0,0,0,0,0,0,0,0,d73b8b1553cd5be5ab468b3722f7fb4e4db59fd6
50,24,0,0,0,0,0,0,0,0,0,0,46d48f6c64af74d0c51327f3b1e8b628a01e4eca
50,24,0,0,0,0,0,0,0,0,0,0,9b5a5f5ffeabd066e8b3f0d73083f50bba750405
50,24,0,0,0,0,0,0,0,0,0,0,3a04a19d694cbcfcf9f76747f337d160b815ea95
50,24,0,0,0,0,0,0,0,0,0,0,6523e3552b9ac100b5c4462d421f2f93a7b00b52
50,24,0,0,0,0,0,0,0,0,0,0,b9c2a5e268a1ec6995a1dd65e82276b28b6586f0
50,24,0,0,0,0,0,0,0,0,0,0,cf7a675fb60122dcc817f574edd5243566146591
50,24,0,0,0,0,0,0,0,0,0,0,a40e7053ab81bcbc003ad41b5634af1ec4f55e5a
50,24,0,0,0,0,0,0,0,0,0,0,64b595216dd49328d13778068bf046925b64b921
50,24,0,0,0,0,0,0,0,0,0,0,38d8f49dc6c06fad5c26483e6a311eba4b8edf93
50,24,0,0,0,0,0,0,0,0,0,0,81c179b5a04dfe393e0c5b51efa6c3e8a605a0b1
50,24,0,0,0,0,0,0,0,0,0,0,f348642bdfe53dca3b47d272dd23162432e562be
50,24,0,0,0,0,0,0,0,0,0,0,ec3d218c029d51c82300a06d6fe25ba84842f162
50,24,0,0,0,0,0,0,0,0,0,0,0b7a158a7dbf552a14236a73bc3a1b99ceeb813f
50,24,0,0,0,0,0,0,0,0,0,0,eadad745476143a510ded3d4fc030f9d3b193751
51,24,0,0,0,0,0,0,0,0,0,0,648114e85da73c64d6e9742e4da6ff48c8924999
52,24,0,0,0,0,0,0,0,0,0,0,208ab6ac9f320a905192d5ff39e05437303e18db
52,24,0,0,0,0,0,0,0,0,0,0,e918812468b879aa8a1b1424fc27fece14c857d6
52,24,0,0,0,0,0,0,0,0,0,0,6ff751c1d0bf73f95b47e5c827e0474e71f59b67
50,24,0,0,0,0,0,0,0,0,0,0,3fbbb29ef9210dc8e4c2dfbd13c00f59f0aa82db
50,24,0,0,0,0,0,0,0,0,0,0,d5d3aa652b609f3d765b3953e87e8cc3028f2030
50,24,0,0,0,0,0,0,0,0,0,0,b135424dedf4ac090a64f3c54ec532cc96ba6801
52,24,0,0,0,0,0,0,0,0,0,0,c4c434069099096c12b0778978dc116bbd010bb8
53,25,0,0,0,0,0,0,0,0,0,0,edd36401000c6de0e2a6ffc6f24e55dbd587c272
53,25,0,0,0,0,0,0,0,0,0,0,58507eeafb71df236e6597e75913b86dcc51b48a
53,25,0,0,0,0,0,0,0,0,0,0,2e88e22ab0919c4d3c007580cebb5ad5aa17038c
50,24,0,0,0,0,0,0,0,0,0,0,9791d4cd96d5ad9891e2b153347c54d685382c1f
50,24,0,0,0,0,0,0,0,0,0,0,26bae693ec43444c0c741498e71f767614753dcc
50,24,0,0,0,0,0,0,0,0,0,0,13dfef48d677837c3dff5acab2cd6994aeb063b6
50,24,0,0,0,0,0,0,0,0,0,0,d863170f13a81874d3b376a9dcb0249dd2ea2a7a
48,23,0,0,0,0,0,0,0,0,0,0,a1698345ec3dd92600e49914df77b49df5bfea5e
48,23,0,0,0,0,0,0,0,0,0,0,4d76829f219c0e043832ba95c609a9346499f1df
48,23,0,0,0,0,0,0,0,0,0,0,8c6467ebd524bb054e2ff864b47f9725d56c5783
50,24,0,0,0,0,0,0,0,0,0,0,9a6c6e41fcf79bb34d8c3d1487e079f557f1f47a
50,24,0,0,0,0,0,0,0,0,0,0,81801d22abfe560224d52b65428bb9026bdd895c
54,26,0,0,0,0,0,0,0,0,0,0,fb79e3d7b785288cc6bff4112aade665b703ebae
54,26,0,0,0,0,0,0,0,0,0,0,7b21a176b4e42b26d68cf5ca371c62d51b2f1dc7
50,24,0,0,0,0,0,0,0,0,0,0,72d42756b7719e1cfd66fc4586360b98e54841bd
50,24,0,0,0,0,0,0,0,0,0,0,18d6456a16e076c6b3bcbf4f7e231735aa279bcf
50,24,0,0,0,0,0,0,0,0,0,0,7cbc6ebd9d2960f4a8eca14cb2af431df2139f06
54,25,0,0,0,0,0,0,0,0,0,0,2adb22563172b1c7ed0a96f9a93033ef9d80b727
54,25,0,0,0,0,0,0,0,0,0,0,568aefc1fc97220f7a520d6010d0ef604855e389
53,25,0,0,0,0,0,0,0,0,0,0,dd7190634430dd74978306a7eca65bbae66e630d
53,25,0,0,0,0,0,0,0,0,0,0,2d45cc6e86407146ae5b833584051579dc875894
53,25,0,0,0,0,0,0,0,0,0,0,6dbc35f250c36240f2f173a3014b94040824a297
54,25,0,0,0,0,0,0,0,0,0,0,66f3b3f23053d5324ddb3c3cff00d2322bd85f0f
54,25,0,0,0,0,0,0,0,0,0,0,c94dfc59a0f7dccd269de67291c39e529d921f34
54,25,0,0,0,0,0,0,0,0,0,0,00be91a8ff5eae52a86d6331df8613b3472e143f
55,25,0,0,0,0,0,0,0,0,0,0,272678b877f580cdca6b267d33533f5f0d091713
55,25,0,0,0,0,0,0,0,0,0,0,e7c25cf59a81ca4d4fdece68e66b98cfc2496b61
54,26,0,0,0,0,0,0,0,0,0,0,8410c5fff234d7c79b1bb01561cdc65346cb8f84
55,26,0,0,0,0,0,0,0,0,0,0,3e6a42ac8417d22e07f843ca2ae0bad15345b234
57,26,0,0,0,0,0,0,0,0,0,0,587ce5d3a2b0af1080585efe14a4853813de1611
50,24,0,0,0,0,0,0,0,0,0,0,5e214d9fe2a25540ab6a7248150b9a3a084b2457
57,26,0,0,0,0,0,0,0,0,0,0,2857e9e0fd12cd44df48b467eb4be4c145ae8d2a
57,26,0,0,0,0,0,0,0,0,0,0,8ca36c3ccefddd548880a658255249d741e5f99e
57,26,0,0,0,0,0,0,0,0,0,0,f3489f4bb1c62632dcd0eca47c378d8e7c9734ab
57,26,0,0,0,0,0,0,0,0,0,0,ad9d9cce2907c41800e89d1f93380c6af65999c3
57,26,0,0,0,0,0,0,0,0,0,0,bb5a232893246eb213f3009ddf0d92b4eceed6fd
57,26,0,0,0,0,0,0,0,0,0,0,481d42fd9b19cd07e354d39e835d6747cf6b0f74
57,26,0,0,0,0,0,0,0,0,0,0,0490c9d1eaaf1c5b3aa569e1f01934f10e540a9d
57,26,0,0,0,0,0,0,0,0,0,0,96fce7a0999d15aec71d83b2720d3630df4c188d
57,26,0,0,0,0,0,0,0,0,0,0,3c021f3f0d0806bd007bc8af76a0c5f1fd164986
57,26,0,0,0,0,0,0,0,0,0,0,80933f496ef57abe7335fd9490acf4a1f4a53648
57,26,0,0,0,0,0,0,0,0,0,0,fb461833d52105975d6d5a2a5ccea93f46d5f2b7
57,26,0,0,0,0,0,0,0,0,0,0,3b950fe504977bad525fd4d1cbe6a596771129fb
57,26,0,0,0,0,0,0,0,0,0,0,dda69bb47109ecb4fd77c5ca62f9eef5cc557eef
57,26,0,0,0,0,0,0,0,0,0,0,9dcb8817c54f5f0d3e5e18a8080d8d7d325660ea
57,26,0,0,0,0,0,0,0,0,0,0,e9c4b6df6993a1ea266e93eaf5e7878234150ba3
57,26,0,0,0,0,0,0,0,0,0,0,ed77606ea3fa54a778dba24c2c1358b49bc85da0
57,26,0,0,0,0,0,0,0,0,0,0,c1666af5b3a4c7be64e86e9bce3a03039f489d8c
57,26,0,0,0,0,0,0,0,0,0,0,6cba52694547c40b3dd2055c40eedd935eea4b68
57,26,0,0,0,0,0,0,0,0,0,0,5931a0cfb476db0cad8a1e2570f2c4695907bc00
57,26,0,0,0,0,0,0,0,0,0,0,e73cd5d330f4f699d4cb94d67b6f60da62b2e4bf
57,26,0,0,0,0,0,0,0,0,0,0,05ca7ce7cd4905d634db38dc6d803a3dd1e679c0
57,26,0,0,0,0,0,0,0,0,0,0,1e02f7ccfa788f633241c57f8ec4188614bed898
57,26,0,0,0,0,0,0,0,0,0,0,66943ee57a8515f8ad3dcfe0a16aba335444621e
57,26,0,0,0,0,0,0,0,0,0,0,7d3dfee46c857442e68beb634fa8af4aa93826ac
57,26,0,0,0,0,0,0,0,0,0,0,33799d1cb2b9080a5f6b48220f927289a97f9928
57,26,0,0,0,0,0,0,0,0,0,0,e165924187875282005911a195bd1b9a1ba8ddc7
58,26,0,0,0,0,0,0,0,0,0,0,fc54c999a64a96c4e426c0fc87218db1a6b67d67
58,26,0,0,0,0,0,0,0,0,0,0,48fca40d0cec89ee4ce3df140ea522bf153117d2
58,26,0,0,0,0,0,0,0,0,0,0,6584fa3c99a25e2e4125bf64334923a9427f09ba
58,26,0,0,0,0,0,0,0,0,0,0,d28f245e92d2251433032c422fb39af68255822c
58,26,0,0,0,0,0,0,0,0,0,0,cb36365f70768b6a09fd3742c440b057b91edee1
57,26,0,0,0,0,0,0,0,0,0,0,464ca742b650fc68a48fabebde772f6fe026850a
57,26,0,0,0,0,0,0,0,0,0,0,d5b24690df20b433417d4b9c0c76f350a5713c4f
58,26,0,0,0,0,0,0,0,0,0,0,8df1ae60214e3dbd76b2eb023fc81e7fe980b98d
58,26,0,0,0,0,0,0,0,0,0,0,d434861d521a8fd455fa23ed3254bb71712efa71
58,26,0,0,0,0,0,0,0,0,0,0,86b12a3c92d1be242e5570a268a1b87d37fbceee
57,26,0,0,0,0,0,0,0,0,0,0,d9fbdb3017181b7cd0814eaa4030dc50a9a36db3
57,26,0,0,0,0,0,0,0,0,0,0,6765e6e0aec85c38444fa70407970f6ab9db8d45
58,26,0,0,0,0,0,0,0,0,0,0,48b396c811304bb1580bc2351b4f683ccfc813a5
61,27,0,0,0,0,0,0,0,0,0,0,d309515cd65c56e886fca376d367ccd73df5da09
61,27,0,0,0,0,0,0,0,0,0,0,5fc31b7846272309fa840d13ffa486cc0f42bffe
61,27,0,0,0,0,0,0,0,0,0,0,559d45bff7f2cee105dbc765fa2118b7bf8d130f
61,27,0,0,0,0,0,0,0,0,0,0,12b9aa4de4f660943a45b553eeb8b786483472b5
61,27,0,0,0,0,0,0,0,0,0,0,88696552f946fe163f6ac8288c57d6a9140ac138
58,26,0,0,0,0,0,0,0,0,0,0,f86e312e08dbc73c54cb381fec878844af2fdbdc
58,26,0,0,0,0,0,0,0,0,0,0,5896c6bfbb52a36cb1ccdce47dd12bcf83cd7ece
58,26,0,0,0,0,0,0,0,0,0,0,9724dc24bc050182979445ad8b6b146cef7c1fc7
60,26,0,0,0,0,0,0,0,0,0,0,ee69ee6582f3326647dcb658c0e297788ee6bce2
60,26,0,0,0,0,0,0,0,0,0,0,f1682a35d0b52de1d711431415c7564da525cdfa
60,26,0,0,0,0,0,0,0,0,0,0,25a02ac8205013b66ccf55925d4da208d0536405
60,26,0,0,0,0,0,0,0,0,0,0,8248ce71bc9c2e1ee5d2c6d335f82b44c2e29945
60,26,0,0,0,0,0,0,0,0,0,0,f844f9e153406577b844a864110bcc54fd6b01f3
60,26,0,0,0,0,0,0,0,0,0,0,d25e67e2f19cb44a9967f8d264af31ba60c10276
60,26,0,0,0,0,0,0,0,0,0,0,d5ff27d6e2af0d325b2d5a198107d46f1801366d
60,26,0,0,0,0,0,0,0,0,0,0,27f6f838469f2a134f3125e77aa6cd1bdf483bad
60,26,0,0,0,0,0,0,0,0,0,0,f7cf9245c000629d1d508c20a3f575ac27c86a6e
60,26,0,0,0,0,0,0,0,0,0,0,3644c2d6c6736bd562f31eb687926b67b9c1cdf0
61,26,0,0,0,0,0,0,0,0,0,0,0bf1fb417405944389ffc0206b76bd4bfd27bb77
60,26,0,0,0,0,0,0,0,0,0,0,c6bb9af80e0e512073efd4a76d66490f8e38e3eb
60,26,0,0,0,0,0,0,0,0,0,0,37ee50397437cab79170e4fa8bf6a25a02fa0c2c
60,26,0,0,0,0,0,0,0,0,0,0,97c32316221c66937a9cf886c5e6cd257e9ff82a
60,26,0,0,0,0,0,0,0,0,0,0,daf4288518eb451829ae51da5d00e13651282552
58,26,0,0,0,0,0,0,0,0,0,0,d39c39d615926f465850e9840b54d8147c597d3a
60,26,0,0,0,0,0,0,0,0,0,0,43381d0ce14f87843eb8c40db46fb29c219f1c59
60,26,0,0,0,0,0,0,0,0,0,0,811928abf65a15c6ce605037ef89a7f66222a541
61,26,0,0,0,0,0,0,0,0,0,0,e47db016a235e7ab912cb09caac547dab05016e7
61,26,0,0,0,0,0,0,0,0,0,0,640d2d2fb2396285263cbd6a0c4c76fff33e4c09
61,26,0,0,0,0,0,0,0,0,0,0,d886f925f13c521bbc644ad75251bf53305c2fc5
63,26,0,0,0,0,0,0,0,0,0,0,7ba2d3f1318f067bcec32f00946c4426179615dc
63,26,0,0,0,0,0,0,0,0,0,0,b276fb45f585ced638092bdae8a412e657e3d906
63,26,0,0,0,0,0,0,0,0,0,0,cbc1c9a27e3d3a7d2afa974ca31a4999960f1d03
63,26,0,0,0,0,0,0,0,0,0,0,0b66e445770ef738801c7f071e371fa8d309f161
63,26,0,0,0,0,0,0,0,0,0,0,37e0c1ceb8ee260539586fa349e28f3137428785
63,26,0,0,0,0,0,0,0,0,0,0,7e48591d46986c4d79bf01f378aec7cbb599bb90
63,26,0,0,0,0,0,0,0,0,0,0,4fefc7b92b92eab10fdc8908b6ec31449c66646e
63,26,0,0,0,0,0,0,0,0,0,0,ddcf1e5987d3c4206e87277ee10ea054abdce416
63,26,0,0,0,0,0,0,0,0,0,0,50ec774e7923f8ba235441d52941cd0e93f48871
63,26,0,0,0,0,0,0,0,0,0,0,2a09651407b97318a141112e883fdaa15f03a497
63,26,0,0,0,0,0,0,0,0,0,0,3229796d89266563c96f041fc6ec19ee9fd34ef0
63,26,0,0,0,0,0,0,0,0,0,0,3dd16172f3b8c45ac1d0e51576d89bd321069a25
63,26,0,0,0,0,0,0,0,0,0,0,3f7b6839428026bd7898ca7d5f278055564bd274
61,27,0,0,0,0,0,0,0,0,0,0,f173823592588baad86f38fb1fe7742008104f7e
66,27,0,0,0,0,0,0,0,0,0,0,e4a8a8a5cc2b52439bd5bf2f42142f9a1043e01d
66,27,0,0,0,0,0,0,0,0,0,0,ce7b8dbf42de27eddd6e76b096c57d7f1abe845c
66,27,0,0,0,0,0,0,0,0,0,0,d09acc60a8f30f912f9c68055f5ee957828e21d6
66,27,0,0,0,0,0,0,0,0,0,0,00989f5c7ec820cb3364b28a9701edbf4f3d073e
66,27,0,0,0,0,0,0,0,0,0,0,e59555695de93a9b7ee1f62814087af1a52655d0
66,27,0,0,0,0,0,0,0,0,0,0,11d601db39bb4eab7f326a1a49b639d05ebf2298
66,27,0,0,0,0,0,0,0,0,0,0,64b78ff627b45870c623c1a8344fbdfb30a3b747
66,27,0,0,0,0,0,0,0,0,0,0,766421974e0fc3c475a82d6f1340963f808d7140
66,27,0,0,0,0,0,0,0,0,0,0,b53b1b067681434a90a09832834fc6e54a46b569
66,27,0,0,0,0,0,0,0,0,0,0,f35c04886cac91c70e5d637fc4042042111f3ec9
66,27,0,0,0,0,0,0,0,0,0,0,dea5854cb40f1327989933004a8835e3766b33fd
66,27,0,0,0,0,0,0,0,0,0,0,86114dc0dfa0e43a4abdc53a7f36f59358543fb9
67,27,0,0,0,0,0,0,0,0,0,0,90b11a5e7f7f14e8e89c42e071b4ea5dbc9ccd85
67,27,0,0,0,0,0,0,0,0,0,0,ffc00062ac6cf8be3e7babba69c3a86a2631a453
68,28,0,0,0,0,0,0,0,0,0,0,6d879f9ed94e15d3389dd767b8b293b4a4941b73
68,28,0,0,0,0,0,0,0,0,0,0,5df9a70fe7089b49f42e5ac38a88847b0ba48473
68,28,0,0,0,0,0,1,0,0,0,0,b07f6cb57ed4eabe67917b09a5413122bb1b5fb9
68,28,0,0,0,0,0,1,0,0,0,0,e08e5de5e3674072a4b218d9aa2db0c79822a239
68,28,0,0,0,0,0,1,0,0,0,0,1100cec5bb7fbc9ae93aa38e099df5a6271536ff
68,28,0,0,0,0,0,1,0,0,0,0,200742b06ae53ca6d55c85fb1af5554b78cafdd1
68,28,0,0,0,0,0,1,0,0,0,0,153163adc24806d251b11f59b26bc8f69c6ac415
68,28,0,0,0,0,0,1,0,0,0,0,798f5992305358489f90b77a5d0d2c0d3836a168
68,28,0,0,0,0,0,1,0,0,0,0,9afc928c54a5318a5bcadd84ce0ffa725d78268d
68,28,0,0,0,0,0,1,0,0,0,0,bae2937161d7483dcf99459a8a72b39ebcc9f726
68,28,0,0,0,0,0,1,0,0,0,0,a7be0299fca451ec5ac8f84231b107be7191886c
68,28,0,0,0,0,0,1,0,0,0,0,56fe2fe116a0fa6b0dc4962fce3eb710b6ba8c83
68,28,0,0,0,0,0,1,0,0,0,0,9284c00bdc39f6324e659aafc382e86b4d722dde
68,28,0,0,0,0,0,1,0,0,0,0,bf9945309d5118ad4723619452c486593964d1b8
68,28,0,0,0,0,0,1,0,0,0,0,b0083d6fea4e77fe511d6cc462cb18ebdbb8e39a
68,28,0,0,0,0,0,1,0,0,0,0,b9e91a6846ee2dab05ebf6d0e8291ed5c3c897d4
68,28,0,0,0,0,0,1,0,0,0,0,268371d815fb319bda4489da9756843204354eab
68,28,0,0,0,0,0,1,0,0,0,0,19571d34374026649783ff57289dd4a9c6bdf028
68,28,0,0,0,0,0,1,0,0,0,0,1459515d2237c01b8e5eab3bf0f3d75c001d4e3c
68,28,0,0,0,0,0,1,0,0,0,0,cf408d020fc661daf21553b17804a0fd3a77bf51
68,28,0,0,0,0,0,1,0,0,0,0,3454e1e766207a849aeefbac3c478851680e0a06
68,28,0,0,0,0,0,1,0,0,0,0,79307722e58a6a5c62f1b8b06afd375c58e84a2a
68,28,0,0,0,0,0,1,0,0,0,0,cf7c4527caa099c53232e8b0cc39478455538286
68,28,0,0,0,0,0,1,0,0,0,0,a83d780c836692e51e93a4699b50097ae66770ff
68,28,0,0,0,0,0,1,0,0,0,0,61fc6bc84eac94d737b96ccc9e815638a8bd143b
68,28,0,0,0,0,0,1,0,0,0,0,17de000928a2a2ae16760639e33b982c308a2af3
68,28,0,0,0,0,0,1,0,0,0,0,255074d06ed8f5ad3daaa8ea5ffc5a9f090fb830
68,28,0,0,0,0,0,1,0,0,0,0,275c39faa02dc0bd4f8b9d9bd2a012eaee12a338
68,28,0,0,0,0,0,1,0,0,0,0,d02057dd6f99b5904b8a9659f946dd12936544e6
68,28,0,0,0,0,0,1,0,0,0,0,4b630e8223f178ad25eef0e2ecf31f838445d2a0
68,28,0,0,0,0,0,1,0,0,0,0,fbdd2156d9a826c77c06989ec0070894434f5c6d
68,28,0,0,0,0,0,1,0,0,0,0,d933502929e6bcac32fe50d76d425e1c95a46a09
68,28,0,0,0,0,0,1,0,0,0,0,a2e601ac34a963626c4805bcb74a98f4487c6458
68,28,0,0,0,0,0,1,0,0,0,0,a583d91214ac2f741efbe310e96eb54503732373
68,28,0,0,0,0,0,1,0,0,0,0,78e1dac6bdddfb2fd040000830d213d5af68c0ef
68,28,0,0,0,0,0,1,0,0,0,0,88ea394d638f602686019e42c61d7dd7f273c292
68,28,0,0,0,0,0,1,0,0,0,0,b4d5caa28bd0c2a40da5c83f14874e35f263704a
68,28,0,0,0,0,0,1,0,0,0,0,1925daec7b24266c7b3d3a7ca5988ef3aefe7caf
68,28,0,0,0,0,0,1,0,0,0,0,15466b3f65a37ef9bf22074e6b5d532226750fec
68,28,0,0,0,0,0,1,0,0,0,0,b6562934b56343275ef2fd9523bd6856bab2ffc2
68,28,0,0,0,0,0,1,0,0,0,0,0cd902954b59b3f7d74a16829635c074d53f1769
68,28,0,0,0,0,0,1,0,0,0,0,bbf5897eb1aa224100e86ba594042e4399fd2f5f
70,28,0,0,0,0,0,1,0,0,0,0,af8bfca2475f1e4cd4b2ae8fff978ed41cb9a95d
70,28,0,0,0,0,0,1,0,0,0,0,4865cde8d0bd2c4048bc543a00c40ddef254ad25
68,28,0,0,0,0,0,1,0,0,0,0,2be090fc87d4f1bca2bfa4fa35c043f5874494e8
68,28,0,0,0,0,0,1,0,0,0,0,b725679fe0fc0e0830f5da221627975aed3eeec4
68,28,0,0,0,0,0,1,0,0,0,0,296659eb354859558243605ce36ea315c44609d3
68,28,0,0,0,0,0,1,0,0,0,0,64589facfb0cd6c0dbca690ce97885c1ad08df5d
68,28,0,0,0,0,0,1,0,0,0,0,9839b70819d9522b639ae9197a82c2f198ff10c2
68,28,0,0,0,0,0,1,0,0,0,0,91bdd7ab41865123abac75b25d3e94d900d872bd
68,28,0,0,0,0,0,1,0,0,0,0,798d97bf3c74d6db396088b208a966684bcc9c0b
68,28,0,0,0,0,0,1,0,0,0,0,b95365017b46cf5cc725577945d71564b0b7240e
69,28,0,0,0,0,0,1,0,0,0,0,065d86c02612382e4430308e7d91aca7c3b240fd
69,28,0,0,0,0,0,1,0,0,0,0,f77d958624201284b996eaa691d2a383bcee6fa9
69,28,0,0,0,0,0,1,0,0,0,0,47a7237d81ff83a74fc00b608ec270befe1c84e6
69,28,0,0,0,0,0,1,0,0,0,0,997ee0df4a12780d0c6c7f11690ccbe1116c8ced
69,28,0,0,0,0,0,1,0,0,0,0,b5760e4259222b3893a309284be9eeb99ca61992
71,28,0,0,0,0,0,1,0,0,0,0,93c435e9639039a6c00a314a09bd22e931e3e1c5
71,28,0,0,0,0,0,1,0,0,0,0,66f562445434c94369d084fd519e639a96ac1f55
71,28,0,0,0,0,0,1,0,0,0,0,ea900aff53471ec75c9435ac4d3c7057cdeba19f
71,28,0,0,0,0,0,1,0,0,0,0,6636c30e9c31385d0bced68dfe5bf60e3e3899f4
71,28,0,0,0,0,0,1,0,0,0,0,3863db690a1e9982a50f0c1752166955a40d3ddf
71,28,0,0,0,0,0,1,0,0,0,0,260399ddab28a9b36e7b17ea49fcf408f06f275e
71,28,0,0,0,0,0,1,0,0,0,0,860803342efd386db1dd2c10ba4f8daf0c362111
71,28,0,0,0,0,0,1,0,0,0,0,d3ab8c9cd284151bbb3c1c9b5b4f7692b57ea506
71,28,0,0,0,0,0,1,0,0,0,0,855aa667258e9e2951051cb343b76a653fbca126
71,28,0,0,0,0,0,1,0,0,0,0,eeec09b9988c4f335ca37e9e15ce8a2876fd3446
71,28,0,0,0,0,0,1,0,0,0,0,518dd078c8bd3e7e71226dddd00355bb072b2a0f
71,28,0,0,0,0,0,1,0,0,0,0,5618cb822f2adb055a9f76650c11c8b317b6e811
71,28,0,0,0,0,0,1,0,0,0,0,21e89f73a9858490d6dec39ee648ac34f22f6c21
74,28,0,0,0,0,0,1,0,0,0,0,f15cd24c48a098411278ccb0b90c50a79f2239af
74,28,0,0,0,0,0,1,0,0,0,0,2966c989ea56e3f574aaa6167592f559652f0fb8
71,28,0,0,0,0,0,1,0,0,0,0,a3b3cdb346c0a76510da1f33b6acb7aa6c9b5804
74,28,0,0,0,0,0,1,0,0,0,0,f4ab61b95a67aecf61abb161e4cf138bf8da6ce8
74,28,0,0,0,0,0,1,0,0,0,0,466e75046571d914f83c4b8e68fe4c7dc8b7dd76
74,28,0,0,0,0,0,1,0,0,0,0,d62a63509bf98ef7c1522eb268a3be703432ff73
74,28,0,0,0,0,0,1,0,0,0,0,cb233114dbd39fba6b35b79a76a4f129853c4fc8
75,28,0,0,0,0,0,1,0,0,0,0,8732cdcbb95dc04448e8472cd0d69b4b816f567a
74,28,0,0,0,0,0,1,0,0,0,0,706446dca43d685a1ead442477a63ef821cc46dc
75,28,0,0,0,0,0,1,0,0,0,0,28146b48fb020cee240a287f29799572ee26fe34
75,28,0,0,0,0,0,1,0,0,0,0,1d7b4b416e00db9fc230dcad746a7dd024399f61
75,28,0,0,0,0,0,1,0,0,0,0,b2da9b52e6ce8a466c257243f32645303cd100b9
75,28,0,0,0,0,0,1,0,0,0,0,c22ca31e3db6672131fbf7f4b9a4e2bbe7f1f2e8
75,28,0,0,0,0,0,1,0,0,0,0,f361142a48dc1e62c962ec0b6195c774e778774d
75,28,0,0,0,0,0,1,0,0,0,0,be999d412c8dce10e255e5c4e6b49cd3840129ff
75,28,0,0,0,0,0,1,0,0,0,0,e6daba9d3ef1a771a284697c2d98d54bae015ba6
75,28,0,0,0,0,0,1,0,0,0,0,b7185ad21b2c51746d3f32bc54c45375df8ce5a9
75,28,0,0,0,0,0,1,0,0,0,0,ede0f6de53168561339ba1472acd2e11d495d083
75,28,0,0,0,0,0,1,0,0,0,0,99dee3a7c0087e4e47a5d42af8bebf6b28c33377
75,28,0,0,0,0,0,1,0,0,0,0,0de449e87cb36bef0f61d776652d8737f63abfcc
75,28,0,0,0,0,0,1,0,0,0,0,06171668ecb0293bfd9fa30064de0d3ca88f03d6
75,28,0,0,0,0,0,1,0,0,0,0,2a087d605b29953dc3c35fb342e0e8a5c8d2d63e
75,28,0,0,0,0,0,1,0,0,0,0,3ba1bba333d51e3104ad3e75a5d9031254d656df
75,28,0,0,0,0,0,1,0,0,0,0,871cfc7decff53a133348ccfe1fc6b2a6ab733e0
75,28,0,0,0,0,0,1,0,0,0,0,626a2d295fbc327ff96d04862d97c570b97a7183
